"id","name","description","price","original_price","image_url","category_id","prep_time","rating","ingredients","nutritional_info","is_featured","is_special","created_at","status","sort_order","inventory_applies"
"635","Muffin Chocolate Chips","Soft vanilla muffin loaded with chocolate chips.","3.00",,"https://app.neobeirut.com/images/viennoiseries/chocolate-chips-muffin.jpg","22","Ready","0.00","Wheat flour, butter, sugar, eggs, milk, yeast, salt. Includes chocolate.",,"false","false","2025-12-20T19:31:13.600Z","Hide from Menu","11","false"
"636","Brioche tressée chocolat","Fluffy braided brioche filled with rich chocolate.","3.60",,"https://app.neobeirut.com/images/viennoiseries/brioche-tresse-chocolat.jpg","22","Ready","0.00","Wheat flour, butter, sugar, eggs, milk, yeast, salt. Includes chocolate.","","false","false","2025-12-20T19:31:13.675Z","Available","2","false"
"637","Brioche tressée raisin","Soft braided brioche dotted with juicy raisins.","3.00",,"https://app.neobeirut.com/images/viennoiseries/","22","Ready","0.00","Wheat flour, butter, sugar, eggs, milk, yeast, salt. Includes raisins.","","false","false","2025-12-20T19:31:13.743Z","Hide from Menu","1","false"
"638","Brioche tressée sucre","Light, buttery brioche with a delicate sugar crust.","2.60",,"https://app.neobeirut.com/images/viennoiseries/brioche-tresse-sucre.jpg","22","Ready","5.00","Wheat flour, butter, sugar, eggs, milk, yeast, salt.","","false","false","2025-12-20T19:31:13.811Z","Available","3","false"
"639","Cinnamon roll","Soft rolled brioche with warm cinnamon and icing.","3.60",,"https://app.neobeirut.com/images/viennoiseries/cinnamon-roll.jpg","22","Ready","0.00","Wheat flour, butter, sugar, eggs, milk, yeast, salt.",,"false","false","2025-12-20T19:31:13.878Z","Unavailable Today","4","false"
"640","Croissant aux amandes","Butter croissant filled with almond cream and flakes.","3.30",,"https://app.neobeirut.com/images/viennoiseries/croissant-aux-amandes.jpg","22","Ready","5.00","Wheat flour, butter, sugar, eggs, milk, yeast, salt. Includes almonds.",,"false","false","2025-12-20T19:31:13.946Z","Available","6","false"
"641","Croissant fromage","Golden croissant with a creamy cheese filling.","3.00",,"https://app.neobeirut.com/images/viennoiseries/croissant-cheese.jpg","22","Ready","0.00","Wheat flour, butter, sugar, eggs, milk, yeast, salt. Includes cheese.",,"false","false","2025-12-20T19:31:14.015Z","Available","7","false"
"642","Croissant nature","Classic French butter croissant, flaky and light.","2.60",,"https://app.neobeirut.com/images/viennoiseries/croissant-nature.jpg","22","Ready","0.00","Wheat flour, butter, sugar, eggs, milk, yeast, salt.",,"false","false","2025-12-20T19:31:14.083Z","Available","8","false"
"643","Croissant zaatar","Buttery croissant with aromatic zaatar.","3.00",,"https://app.neobeirut.com/images/viennoiseries/croissant-zaatar.jpg","22","Ready","0.00","Wheat flour, butter, sugar, eggs, milk, yeast, salt. Includes zaatar (thyme, sesame, sumac), zaatar.","","false","false","2025-12-20T19:31:14.150Z","Available","9","false"
"644","Brioche Suisse","Brioche filled with pastry cream and chocolate chips.","3.30",,"https://app.neobeirut.com/images/viennoiseries/brioche-suisse.jpg","22","Ready","0.00","Wheat flour, butter, sugar, eggs, milk, yeast, salt.","","false","false","2025-12-20T19:31:14.218Z","Available","0","false"
"645","Gaufre liégeoise","Caramelized pearl-sugar waffle, crisp and chewy.","4.00",,"https://app.neobeirut.com/images/viennoiseries/gaufre.jpg","22","Ready","0.00","Wheat flour, butter, sugar, eggs, milk, yeast, salt.",,"false","false","2025-12-20T19:31:14.286Z","Available","10","false"
"646","Croissant Chocolat Amande","Croissant filled with chocolate and almond cream.","3.60",,"https://app.neobeirut.com/images/viennoiseries/choco-amandes.jpg","22","Ready","0.00","Wheat flour, butter, sugar, eggs, milk, yeast, salt. Includes chocolate, almonds.",,"false","false","2025-12-20T19:31:14.354Z","Available","5","false"
"647","Pain au chocolat","Flaky pastry with two sticks of pure chocolate.","3.30",,"https://app.neobeirut.com/images/viennoiseries/pain-au-chocolat.jpg","22","Ready","0.00","Wheat flour, butter, sugar, eggs, milk, yeast, salt. Includes chocolate.",,"false","false","2025-12-20T19:31:14.422Z","Available","14","false"
"648","Muffin Plain","Classic moist vanilla muffin.","2.60",,"https://app.neobeirut.com/images/viennoiseries/muffin-plain.jpg","22","Ready","0.00","Wheat flour, butter, sugar, eggs, milk, yeast, salt.",,"false","false","2025-12-20T19:31:14.490Z","Hide from Menu","12","false"
"649","Pain aux Raisins","Rolled brioche with pastry cream and raisins.","3.00",,"https://app.neobeirut.com/images/viennoiseries/pain-au-raisin.jpg","22","Ready","0.00","Wheat flour, butter, chocolate, sugar, eggs, milk, yeast, salt.","","false","false","2025-12-20T19:31:14.558Z","Unavailable Today","13","false"
"650","Cake 100% choco gourmand","","30.00",,"https://app.neobeirut.com/images/cakes/100-gourmet-cake.jpg","16","Ready","0.00","Wheat flour, butter, chocolate, sugar, eggs, milk, yeast, salt.","","false","false","2025-12-20T19:31:14.626Z","Available","0","false"
"652","Cake 100% choco","Soft, pure chocolate loaf cake.","11.00",,"https://app.neobeirut.com/images/cakes/100-choco-cake.jpg","16","Ready","0.00","Wheat flour, butter, chocolate, sugar, eggs, milk, yeast, salt.","","false","false","2025-12-20T19:31:14.761Z","Available","0","false"
"654","Cake Citron","Bright, moist lemon loaf cake.","10.00",,"https://app.neobeirut.com/images/cakes/lemon-cake.jpg","16","Ready","5.00","Wheat flour, sugar, eggs, butter, baking powder, salt. Includes lemon.","","false","false","2025-12-20T19:31:14.896Z","Available","0","false"
"655","Cake orange","Fragrant orange cake with natural zest.","10.00",,"https://app.neobeirut.com/images/cakes/orange.jpg","16","Ready","5.00","Wheat flour, sugar, eggs, butter, baking powder, salt. Includes orange.","","false","false","2025-12-20T19:31:14.964Z","Available","0","false"
"658","Cake Marbre Neo","A soft and buttery plain cake generously folded with 140g of rich milk chocolate chunks. Simple, comforting, and perfectly balanced","11.00",,"https://app.neobeirut.com/images/cakes/cake-marbre-neo.jpg","16","Ready","0.00","Wheat flour, sugar, eggs, butter, baking powder, salt. Includes milk chocolate.","","false","false","2025-12-20T19:31:15.175Z","Available","0","false"
"659","Cake Nature","Classic buttery vanilla loaf.","8.00",,"https://app.neobeirut.com/images/cakes/nature.jpg","16","Ready","0.00","Wheat flour, sugar, eggs, butter, baking powder, salt.","","false","false","2025-12-20T19:31:15.252Z","Available","0","false"
"661","Cake pomme cannell","Apple and cinnamon cake, soft and aromatic.","10.00",,"https://app.neobeirut.com/images/cakes/pomme-cannelle.jpg","16","Ready","0.00","Wheat flour, sugar, eggs, butter, baking powder, salt. Includes apple.","","false","false","2025-12-20T19:31:15.402Z","Hide from Menu","0","false"
"663","Cake pralin","Moist cake with caramelized praline notes.","10.00",,"https://app.neobeirut.com/images/cakes/pralin.jpg","16","Ready","0.00","Wheat flour, sugar, eggs, butter, baking powder, salt. Includes praline.","","false","false","2025-12-20T19:31:15.549Z","Available","0","false"
"665","Carrot cake","Spiced carrot cake with a soft, moist crumb.","10.00",,"https://app.neobeirut.com/images/cakes/carrot-cake.jpg","16","Ready","0.00","Wheat flour, sugar, eggs, vegetable oil, salt. Includes carrot.","","false","false","2025-12-20T19:31:15.700Z","Available","0","false"
"667","Fruit cake","Traditional cake with assorted dried fruits.","9.00",,"https://app.neobeirut.com/images/cakes/fruit-cake.jpg","16","Ready","0.00","Wheat flour, sugar, eggs, butter, baking powder, salt. Includes dried fruits","","false","false","2025-12-20T19:31:15.855Z","Available","0","false"
"669","Fantastic 4","Assortment of our four signature mini cakes.","40.00",,"https://app.neobeirut.com/images/cakes/fantastic-4.jpg","16","Ready","0.00","Wheat flour, sugar, eggs, butter, baking powder, salt.","","false","false","2025-12-20T19:31:16.002Z","Hide from Menu","0","false"
"673","Express pepito","","4.00",,"https://app.neobeirut.com/images/cakes/","16","Ready","0.00","Wheat flour, sugar, eggs, butter, baking powder, salt. Includes chocolate.","","false","false","2025-12-20T19:31:16.273Z","Hide from Menu","0","false"
"675","Express carrot cake","","4.00",,"https://app.neobeirut.com/images/cakes/express-carrot.jpg","16","Ready","0.00","Wheat flour, sugar, eggs, butter, baking powder, salt. Includes carrot.","","false","false","2025-12-20T19:31:16.409Z","Available","0","false"
"677","Express pralin","","4.00",,"https://app.neobeirut.com/images/cakes/express-pralin.jpg","16","Ready","0.00","Wheat flour, sugar, eggs, butter, baking powder, salt. Includes Hazelnuts.","","false","false","2025-12-20T19:31:16.544Z","Available","0","false"
"678","Express oat cookie","","4.00",,"https://app.neobeirut.com/images/cakes/","16","Ready","0.00","Wheat flour, sugar, eggs, butter, oats, cinnamon, raisins, baking powder, salt.","","false","false","2025-12-20T19:31:16.612Z","Hide from Menu","0","false"
"679","Express 100% choco","","4.00",,"https://app.neobeirut.com/images/cakes/express-choco.jpg","16","Ready","0.00","Wheat flour, sugar, eggs, butter, baking powder, salt. Includes chocolate.","","false","false","2025-12-20T19:31:16.680Z","Available","0","false"
"680","Express double pleasure","","4.00",,"https://app.neobeirut.com/images/cakes/","16","Ready","0.00","Wheat flour, sugar, eggs, butter, cocoa, baking powder, salt. Includes chocolate.","","false","false","2025-12-20T19:31:16.748Z","Hide from Menu","0","false"
"681","Biscotti amande 200g","Crunchy almond biscotti.","6.00",,"https://app.neobeirut.com/images/cookies/biscotti.jpg","18","Ready","0.00","Wheat flour, sugar, butter, eggs, baking powder, salt. Includes almonds.","480 Calories, 20 Fat, 60 Carbs, 35 Sugars, 11 Protein","false","false","2025-12-20T19:31:16.816Z","Available","0","false"
"682","Biscotti cannelle 200g","Cinnamon-spiced biscotti.","6.00",,"https://app.neobeirut.com/images/cookies/","18","Ready","0.00","Wheat flour, sugar, butter, eggs, cinnamon, baking powder, salt. Includes walnuts","460 Calories, 16 Fat, 65 Carbs, 38 Sugars, 9 Protei","false","false","2025-12-20T19:31:16.883Z","Hide from Menu","0","false"
"683","Brownies 400g","Box of rich, fudgy brownies.","16.00",,"https://app.neobeirut.com/images/cookies/brownies.jpg","18","Ready","0.00","Wheat flour, sugar, eggs, butter, chocolate, baking powder, salt.","450 Calories, 23 Fat, 55 Carbs, 40 Sugars, 7 Protein","false","false","2025-12-20T19:31:16.951Z","Available","0","false"
"684","Chocoflakes dark 200g","Dark-chocolate coated cereal flakes.","12.00",,"https://app.neobeirut.com/images/cookies/chocoflakes-dark.jpg","18","Ready","0.00","Wheat flour, sugar, butter, eggs, baking powder, salt. Includes chocolate.","520 Calories, 30 Fat, 55 Carbs, 40 Sugars, 7 Protein","false","false","2025-12-20T19:31:17.018Z","Available","0","false"
"685","Chocoflakes milk 200g","Milk-chocolate coated cereal flakes.","12.00",,"https://app.neobeirut.com/images/cookies/chocoflakes-milk.jpg","18","Ready","0.00","Wheat flour, sugar, butter, eggs, baking powder, salt. Includes chocolate.","550 Calories, 32 Fat, 58 Carbs, 45 Sugars, 8 Protein","false","false","2025-12-20T19:31:17.086Z","Available","0","false"
"686","Double pleasure 200g","Choco Chocolate chip butter cookies.","6.00",,"https://app.neobeirut.com/images/cookies/","18","Ready","0.00","Wheat flour, sugar, eggs, butter, cocoa, baking powder, salt. Includes chocolate.","490 Calories, 23 Fat, 60 Carbs, 39 Sugars, 9 Protein","false","false","2025-12-20T19:31:17.154Z","Hide from Menu","0","false"
"687","Lolichoc 21pcs","Chocolate lollipops, fun and crunchy.","20.00",,"https://app.neobeirut.com/images/cookies/","18","Ready","0.00","Wheat flour, sugar, eggs, butter, cocoa, baking powder, salt. Includes chocolate.",,"false","false","2025-12-20T19:31:17.222Z","Hide from Menu","0","false"
"688","Mendiant lait 200g","Milk-chocolate discs topped with nuts and fruits.","12.00",,"https://app.neobeirut.com/images/cookies/","18","Ready","0.00","Wheat flour, sugar, eggs, butter, cocoa, baking powder, salt. Includes nuts.","560 Calories, 35 Fat, 53 Carbs, 48 Sugars, 7 Protein","false","false","2025-12-20T19:31:17.290Z","Hide from Menu","0","false"
"689","Mendiant noir 200g","Dark-chocolate discs with nuts and fruits.","12.00",,"https://app.neobeirut.com/images/cookies/","18","Ready","0.00","Wheat flour, sugar, eggs, butter, cocoa, baking powder, salt. Includes nuts.","540 Calories, 34 Fat, 49 Carbs, 41 Sugars, 8 Protein","false","false","2025-12-20T19:31:17.366Z","Hide from Menu","0","false"
"690","Meringue 100g","Crispy, airy vanilla meringues.","3.00",,"https://app.neobeirut.com/images/cookies/","18","Ready","0.00","Sugar, eggs","380 Calories, 0 Fat, 95 Carbs, 90 Sugars, 6 Protein","false","false","2025-12-20T19:31:17.433Z","Hide from Menu","0","false"
"691","Meringue Choco 100g","Meringues dipped in chocolate.","8.00",,"https://app.neobeirut.com/images/cookies/","18","Ready","0.00","Sugar, eggs, chocolate","420 Calories, 8 Fat, 88 Carbs, 78 Sugars, 7 Protein","false","false","2025-12-20T19:31:17.501Z","Hide from Menu","0","false"
"692","Sable Diamand 200g","Sugar-crusted buttery cookies.","6.00",,"https://app.neobeirut.com/images/cookies/","18","Ready","0.00","Wheat flour, sugar, butter, eggs, baking powder, salt.","490 Calories, 24 Fat, 60 Carbs, 30 Sugars, 7 Protein","false","false","2025-12-20T19:31:17.568Z","Hide from Menu","0","false"
"693","Pepito 200g","Chocolate chip butter cookies.","6.00",,"https://app.neobeirut.com/images/cookies/pepito.jpg","18","Ready","0.00","Wheat flour, sugar, butter, eggs, baking powder, salt. Includes Chocolate chips.","510 Calories, 26 Fat, 60 Carbs, 36 Sugars, 7 Protein","false","false","2025-12-20T19:31:17.635Z","Available","0","false"
"694","Sable abricot 200g","Butter cookies filled with apricot jam.","6.00",,"https://app.neobeirut.com/images/cookies/","18","Ready","0.00","Wheat flour, sugar, butter, eggs, baking powder, salt. Includes apricot jam.","480 Calories, 22 Fat, 61 Carbs, 34 Sugars, 6 Protei","false","false","2025-12-20T19:31:17.703Z","Hide from Menu","0","false"
"695","Sable chocolat 200g","Rich cocoa sablï¿½ biscuits dippped into dark chocolate.","12.00",,"https://app.neobeirut.com/images/cookies/","18","Ready","0.00","Wheat flour, sugar, butter, eggs, baking powder, salt. Includes chocolate.","520 Calories, 27 Fat, 59 Carbs, 35 Sugars, 7 Protein","false","false","2025-12-20T19:31:17.771Z","Hide from Menu","0","false"
"696","Palmito 200g","Caramelized puff-pastry hearts.","6.00",,"https://app.neobeirut.com/images/cookies/","18","Ready","0.00","Wheat flour, sugar, butter, eggs, baking powder, salt.","520 Calories, 29 Fat, 55 Carbs, 27 Sugars, 6 Protein","false","false","2025-12-20T19:31:17.838Z","Hide from Menu","0","false"
"697","Tuiles Aux Amandes Cookies 150g","Thin almond crisps.","6.00",,"https://app.neobeirut.com/images/cookies/tuiles.jpg","18","Ready","0.00","Wheat flour, sugar, butter, eggs, baking powder, salt. Includes almonds.","490 Calories, 26 Fat, 54 Carbs, 28 Sugars, 9 Protein","false","false","2025-12-20T19:31:17.906Z","Available","0","false"
"698","Tarte Amandine 200g","Almond tart with a buttery crust.","8.00",,"https://app.neobeirut.com/images/cookies/","18","Ready","0.00","Wheat flour, sugar, butter, eggs, baking powder, salt. Includes almonds.","380 Calories, 21 Fat, 35 Carbs, 23 Sugars, 7 Protein","false","false","2025-12-20T19:31:17.973Z","Hide from Menu","0","false"
"699","Date 200g","Date bites with a soft sweet filling.","6.00",,"https://app.neobeirut.com/images/cookies/","18","Ready","0.00","Wheat flour, sugar, butter, eggs, baking powder, salt. Includes dates.","280 Calories, 0 Fat, 75 Carbs, 63 Sugars, 2 Protein","false","false","2025-12-20T19:31:18.041Z","Hide from Menu","0","false"
"700","Noix Erable 200g","Maple-glazed walnuts.","6.00",,"https://app.neobeirut.com/images/cookies/","18","Ready","0.00","Wheat flour, sugar, butter, eggs, baking powder, salt. Includes nuts.","600 Calories, 48 Fat, 32 Carbs, 20 Sugars, 9 Protein","false","false","2025-12-20T19:31:18.108Z","Hide from Menu","0","false"
"701","Salaisons 200g","Savory baked biscuit sticks.","8.00",,"https://app.neobeirut.com/images/cookies/salaison.jpg","18","Ready","0.00","Wheat flour, sugar, butter, eggs, baking powder, salt. Includes zaatar, cheese, sesame.","450 Calories, 36 Fat, 4 Carbs, 1 Sugars, 24 Protein","false","false","2025-12-20T19:31:18.176Z","Available","0","false"
"702","Fondant Citron 200g","Soft, zesty lemon fondant cake.","6.00",,"https://app.neobeirut.com/images/cookies/","18","Ready","0.00","Wheat flour, sugar, butter, eggs, baking powder, salt. Includes lemon.","360 Calories, 17 Fat, 45 Carbs, 31 Sugars, 5 Protein","false","false","2025-12-20T19:31:18.243Z","Hide from Menu","0","false"
"703","Batoney Amande 200g","Crunchy almond nougat sticks.","6.00",,"https://app.neobeirut.com/images/cookies/","18","Ready","0.00","Wheat flour, sugar, butter, eggs, baking powder, salt. Includes almonds.","520 Calories, 30 Fat, 48 Carbs, 29 Sugars, 9 Protein","false","false","2025-12-20T19:31:18.311Z","Hide from Menu","0","false"
"704","SeeDs Crackers 200g","Crunchy, multi-seed crackers.","6.00",,"https://app.neobeirut.com/images/cookies/","18","Ready","0.00","","440 Calories, 24 Fat, 35 Carbs, 5 Sugars, 15 Protein","false","false","2025-12-20T19:31:18.378Z","Hide from Menu","0","false"
"715","Eclair vanille","Vanilla bean pastry cream ï¿½clair.","3.00",,"https://app.neobeirut.com/images/gateaux/eclair-vanille.jpg","23","Ready","0.00","Wheat flour, sugar, eggs, butter. Includes Vanilla","270 Calories,14 Fat ,32 Carbs ,18 Sugars ,6 Protein ","false","false","2025-12-20T19:31:19.120Z","Available","0","false"
"716","Fraisier","Strawberry cake with vanilla cream mousseline.","6.00",,"https://app.neobeirut.com/images/gateaux/fraisier.jpg","23","Ready","5.00","Almond flour, sugar, eggs, butter. Includes Strawberries","360 Calories,20 Fat ,38 Carbs ,28 Sugars ,6 Protein ","false","false","2025-12-20T19:31:19.187Z","Available","0","false"
"717","Macaron /pc","Delicate almond macaron in assorted flavors.","2.00",,"https://app.neobeirut.com/images/gateaux/","23","Ready","0.00","Wheat flour, sugar, eggs, butter, nuts. Includes fruits, chocolate","90 Calories,4 Fat ,11 Carbs ,9 Sugars ,2 Protein ","false","false","2025-12-20T19:31:19.254Z","Hide from Menu","0","false"
"718","Tarte Pralinoi","Crispy tart with creamy praline filling.","6.00",,"https://app.neobeirut.com/images/gateaux/tarte-pralin.jpg","23","Ready","0.00","Wheat flour, sugar, Chocolate, eggs, butter, nuts.","420 Calories,28 Fat ,36 Carbs ,26 Sugars ,6 Protein ","false","false","2025-12-20T19:31:19.322Z","Available","0","false"
"719","Mille feuille caramel","Caramel cream layered between crisp puff pastry.","5.00",,"https://app.neobeirut.com/images/gateaux/mille-feuilles,jpg","23","Ready","0.00","Wheat flour, sugar, eggs, butter.","380 Calories,24 Fat ,38 Carbs ,26 Sugars ,6 Protein ","false","false","2025-12-20T19:31:19.389Z","Hide from Menu","0","false"
"720","Newyork cheesecake","Classic creamy baked cheesecake.","6.00",,"https://app.neobeirut.com/images/gateaux/","23","Ready","0.00","Wheat flour, sugar, eggs, cream cheese, butter, nuts. Includes fruits","450 Calories,30 Fat ,34 Carbs ,28 Sugars ,8 Protein ","false","false","2025-12-20T19:31:19.457Z","Hide from Menu","0","false"
"721","Oreo cheesecake","Cheesecake with Oreo crust and swirl.","6.00",,"https://app.neobeirut.com/images/gateaux/","23","Ready","0.00","Wheat flour, sugar, eggs, butter, cacao. Includes oreo cookies","480 Calories,32 Fat ,38 Carbs ,30 Sugars ,8 Protein ","false","false","2025-12-20T19:31:19.525Z","Hide from Menu","0","false"
"722","Paris brest","Choux pastry with praline cream.","5.00",,"https://app.neobeirut.com/images/gateaux/paris-brest.jpg","23","Ready","0.00","Wheat flour, sugar, eggs, butter, nuts.","430 Calories,30 Fat ,34 Carbs ,22 Sugars ,8 Protein ","false","false","2025-12-20T19:31:19.592Z","Available","0","false"
"723","Pecan tarte","Caramelized pecan tart.","6.00",,"https://app.neobeirut.com/images/gateaux/","23","Ready","0.00","Wheat flour, sugar, eggs, butter, pecans.","460 Calories,32 Fat ,38 Carbs ,30 Sugars ,6 Protein ","false","false","2025-12-20T19:31:19.660Z","Hide from Menu","0","false"
"724","St. Honoré","Choux and puff pastry with caramel and cream.","5.00",,"https://app.neobeirut.com/images/gateaux/","23","Ready","0.00","Wheat flour, sugar, eggs, butter.","420 Calories,28 Fat ,36 Carbs ,24 Sugars ,7 Protein ","false","false","2025-12-20T19:31:19.728Z","Hide from Menu","0","false"
"725","Tarte Amandine","Almond cream tart with buttery crust.","5.00",,"https://app.neobeirut.com/images/gateaux/","23","Ready","0.00","Wheat flour, sugar, eggs, butter, nuts. Inlucdes, jam or chocolate","390 Calories,24 Fat ,34 Carbs ,22 Sugars ,7 Protein ","false","false","2025-12-20T19:31:19.796Z","Hide from Menu","0","false"
"726","Tarte chocolat ","Dark chocolate ganache tart.","6.00",,"https://app.neobeirut.com/images/gateaux/tarte-choco.jpg","23","Ready","0.00","Wheat flour, sugar, eggs, butter, nuts. Includes chocolate","410 Calories,28 Fat ,36 Carbs ,26 Sugars ,6 Protein ","false","false","2025-12-20T19:31:19.864Z","Available","0","false"
"727","Tarte citron Meringue","Fresh lemon tart topped with toasted meringue.","5.00",,"https://app.neobeirut.com/images/gateaux/citron-meringue.jpg","23","Ready","0.00","Wheat flour, sugar, eggs, lemon, butter, nuts.","350 Calories,18 Fat ,42 Carbs ,28 Sugars ,5 Protein ","false","false","2025-12-20T19:31:19.932Z","Available","0","false"
"728","Tarte fraises","Fresh strawberry tart.","5.00",,"https://app.neobeirut.com/images/gateaux/tarte-fraises.jpg","23","Ready","5.00","Wheat flour, sugar, eggs, butter, nuts. Includes strawberries","330 Calories,16 Fat ,42 Carbs ,26 Sugars ,5 Protein ","false","false","2025-12-20T19:31:20.000Z","Available","0","false"
"729","Tarte mangue","Mango tart","6.00",,"https://app.neobeirut.com/images/gateaux/tarte-mangue.jpg","23","Ready","5.00","Wheat flour, sugar, eggs, butter, nuts. Includes mango","320 Calories,15 Fat ,44 Carbs ,28 Sugars ,4 Protein ","false","false","2025-12-20T19:31:20.068Z","Available","0","false"
"730","Tarte Caramel Fruits Secs","Caramel tart topped with mixed nuts.","6.00",,"https://app.neobeirut.com/images/gateaux/","23","Ready","0.00","Wheat flour, sugar, eggs, butter, chocolate, nuts.","440 Calories,30 Fat ,38 Carbs ,28 Sugars ,6 Protein ","false","false","2025-12-20T19:31:20.137Z","Hide from Menu","0","false"
"732","Sable confiture 9cm","Buttery cookie with jam center.","4.00",,"https://app.neobeirut.com/images/gateaux/sable-abricot.jpg","23","Ready","0.00","Wheat flour, sugar, eggs, butter, nuts, apricot jam.","280 Calories,14 Fat ,34 Carbs ,18 Sugars ,4 Protein ","false","false","2025-12-20T19:31:20.272Z","Available","0","false"
"733","Sable Choco 9cm","Rich cocoa butter cookie.","5.00",,"https://app.neobeirut.com/images/gateaux/sable-choco.jpg","23","Ready","0.00","Wheat flour, sugar, eggs, butter, cream, milk, nuts, chocolate (depending on flavor). Includes chocolate.","320 Calories,18 Fat ,34 Carbs ,20 Sugars ,4 Protein","false","false","2025-12-20T19:31:20.341Z","Available","0","false"
"734","Baguette blanche","Classic French white baguette, crisp and airy.","1.67",,"https://app.neobeirut.com/images/bread/blanche.jpg","14","Ready","0.00","Wheat flour, water, yeast, salt.","320 Calories, 2 Fat, 65 Carbs, 4 Sugars, 9 Protein","false","false","2025-12-20T19:31:20.408Z","Available","0","false"
"735","Baguette au blé complet","Whole-wheat baguette with a rustic, hearty crumb.","2.00",,"https://app.neobeirut.com/images/bread/complet.jpg","14","Ready","0.00","Whole wheat flour, water, yeast, salt.","300 Calories, 2 Fat, 60 Carbs, 4 Sugars, 11 Protein","false","false","2025-12-20T19:31:20.478Z","Available","0","false"
"736","Baguette grain de pavot","White baguette topped with crunchy poppy seeds.","2.00",,"https://app.neobeirut.com/images/bread/poppy-seeds.jpg","14","Ready","0.00","Wheat flour, water, poppy seeds, yeast, salt.","330 Calories, 3 Fat, 64 Carbs, 4 Sugars, 10 Protein","false","false","2025-12-20T19:31:20.545Z","Available","0","false"
"737","Baguette multicereales","Nutty and flavorful multigrain baguette.","2.78",,"https://app.neobeirut.com/images/bread/multi-cereals.jpg","14","Ready","0.00","Wheat flour, water, cereals, yeast, salt.","340 Calories, 4 Fat, 62 Carbs, 5 Sugars, 11 Protein","false","false","2025-12-20T19:31:20.612Z","Available","0","false"
"738","Baguette sandwich","Soft, elongated baguette ideal for sandwiches.","1.00",,"https://app.neobeirut.com/images/bread/","14","Ready","0.00","Wheat flour, water, yeast, salt.","350 Calories, 3 Fat, 68 Carbs, 5 Sugars, 10 Protein","false","false","2025-12-20T19:31:20.680Z","Hide from Menu","0","false"
"739","Baguette sandwich olives","Soft sandwich baguette with black olive pieces.","1.50",,"https://app.neobeirut.com/images/bread/","14","Ready","0.00","Wheat flour, water, yeast, salt. Includes olives.","380 Calories, 7 Fat, 65 Carbs, 4 Sugars, 9 Protein","false","false","2025-12-20T19:31:20.747Z","Hide from Menu","0","false"
"740","Baguette sesame","White baguette coated with toasted sesame seeds.","2.00",,"https://app.neobeirut.com/images/bread/seasame.jpg","14","Ready","0.00","Wheat flour, water, sesame, yeast, salt. ","370 Calories, 6 Fat, 64 Carbs, 4 Sugars, 11 Protein","false","false","2025-12-20T19:31:20.814Z","Available","0","false"
"741","Burger bun - 4 pcs","Soft, fluffy burger buns with a golden crust.","6.00",,"https://app.neobeirut.com/images/bread/burger-bun.jpg","14","Ready","0.00","Wheat flour, water, yeast, Sugar, Butter, Eggs, salt.","130 Calories, 2.5 Fat, 22 Carbs, 3 Sugars, 4 Protein","false","false","2025-12-20T19:31:20.881Z","Available","0","false"
"742","Ciabatta","Italian-style bread with an airy, rustic texture.","1.67",,"https://app.neobeirut.com/images/bread/ciabatta.jpg","14","Ready","0.00","Wheat flour, water, olive oil, yeast, salt.","120 Calories, 2 Fat, 23 Carbs, 3 Sugars, 3.7 Protein","false","false","2025-12-20T19:31:20.949Z","Available","0","false"
"743","Ciabatta olives","Ciabatta loaf enriched with green olives.","2.00",,"https://app.neobeirut.com/images/bread/ciabatta-olive.jpg","14","Ready","0.00","Wheat flour, water, olive oil, yeast, salt. Include Olives","360 Calories, 4 Fat, 70 Carbs, 4 Sugars, 11 Protein","false","false","2025-12-20T19:31:21.016Z","Available","0","false"
"744","Focaccia emmental","Soft focaccia topped with melted Emmental cheese.","4.00",,"https://app.neobeirut.com/images/bread/","14","Ready","0.00","Wheat flour, water, yeast, salt. Includes cheese.","400 Calories, 8 Fat, 68 Carbs, 4 Sugars, 10 Protei","false","false","2025-12-20T19:31:21.084Z","Hide from Menu","0","false"
"745","Focaccia tomates","Olive-oil focaccia with cherry tomatoes.","4.00",,"https://app.neobeirut.com/images/bread/","14","Ready","0.00","Wheat flour, water, yeast, salt. Include Tomatoes and Cheese","420 Calories, 18 Fat, 48 Carbs, 3 Sugars, 14 Protein","false","false","2025-12-20T19:31:21.151Z","Hide from Menu","0","false"
"746","Hotdog bun - 4 pcs","Soft, elongated buns perfect for hotdogs.","6.00",,"https://app.neobeirut.com/images/bread/hotdog-bun.jpg","14","Ready","0.00","Wheat flour, water, yeast, Sugar, Butter, Eggs, salt.","380 Calories, 12 Fat, 52 Carbs, 4 Sugars, 10 Protein","false","false","2025-12-20T19:31:21.219Z","Available","0","false"
"747","Pain au lait 6 Pcs","Soft milk rolls with a tender, buttery crumb.","3.00",,"https://app.neobeirut.com/images/bread/pain-au-lait.jpg","14","Ready","0.00","Wheat flour, water, yeast, Sugar, Butter, Eggs, salt.","480 Calories, 14 Fat, 70 Carbs, 18 Sugars, 14 Protein","false","false","2025-12-20T19:31:21.286Z","Available","0","false"
"748","Pain au lait chocolat 6 Pcs","Soft milk rolls filled with chocolate chips.","5.00",,"https://app.neobeirut.com/images/bread/pain-au-lait-choco.jpg","14","Ready","0.00","Wheat flour, water, yeast, Sugar, Butter, Eggs, salt. Includes chocolate.","560 Calories, 18 Fat, 78 Carbs, 24 Sugars, 15 Protein","false","false","2025-12-20T19:31:21.353Z","Available","0","false"
"749","Pain au lait olive 6 Pcs","Soft milk rolls mixed with green olives.","4.00",,"https://app.neobeirut.com/images/bread/pain-au-lait-olive.jpg","14","Ready","0.00","Wheat flour, water, yeast, Sugar, Butter, Eggs, salt. Includes olives.","500 Calories, 16 Fat, 72 Carbs, 14 Sugars, 14 Protein","false","false","2025-12-20T19:31:21.420Z","Available","0","false"
"750","Pain au lait zaatar 6 Pcs","Soft milk rolls with aromatic zaatar.","4.00",,"https://app.neobeirut.com/images/bread/pain-au-lait-zaatar.jpg","14","Ready","0.00","Wheat flour, water, yeast, Sugar, Butter, Eggs, salt. Includes zaatar","520 Calories, 18 Fat, 70 Carbs, 14 Sugars, 15 Protein","false","false","2025-12-20T19:31:21.488Z","Available","0","false"
"751","Pain au lait Halloum 6 Pcs","Soft milk rolls with chunks of halloumi cheese.","6.00",,"https://app.neobeirut.com/images/bread/pain-au-lait-halloum.jpg","14","Ready","0.00","Wheat flour, water, yeast, Sugar, Butter, Eggs, salt. Includes halloumi cheese.","620 Calories, 26 Fat, 68 Carbs, 12 Sugars, 20 Protein","false","false","2025-12-20T19:31:21.555Z","Available","0","false"
"752","Pain au fromage","Soft bread enriched with emmental cheese.","2.50",,"https://app.neobeirut.com/images/bread/","14","Ready","0.00","Wheat flour, water, yeast, salt. Includes cheese.","390 Calories, 14 Fat, 48 Carbs, 4 Sugars, 15 Protein","false","false","2025-12-20T19:31:21.622Z","Hide from Menu","0","false"
"753","Pain aux olives","Bread loaf filled with olives.","1.67",,"https://app.neobeirut.com/images/bread/","14","Ready","0.00","Wheat flour, water, yeast, salt. Includes olives.","380 Calories, 9 Fat, 55 Carbs, 4 Sugars, 10 Protein","false","false","2025-12-20T19:31:21.689Z","Hide from Menu","0","false"
"754","Pain de campagne 1/2","Half rustic country loaf with a firm crust.","3.00",,"https://app.neobeirut.com/images/bread/sourdough.jpg","14","Ready","0.00","Wheat flour, water, salt.","280 Calories, 2 Fat, 56 Carbs, 3 Sugars, 9 Protein","false","false","2025-12-20T19:31:21.757Z","Hide from Menu","0","false"
"755","Pain de campagne 1","Full-size country bread with a traditional taste.","6.00",,"https://app.neobeirut.com/images/bread/sourdough.jpg","14","Ready","0.00","Wheat flour, water, salt.","560 Calories, 4 Fat, 112 Carbs, 6 Sugars, 18 Protei","false","false","2025-12-20T19:31:21.824Z","Available","0","false"
"756","Pain de mie 1/2 16pcs","Half loaf of soft, sliced sandwich bread.","4.00",,"https://app.neobeirut.com/images/bread/pain-de-mie.jpg","14","Ready","0.00","Wheat flour, water, yeast, Sugar, Butter, Eggs, salt.","460 Calories, 8 Fat, 82 Carbs, 12 Sugars, 14 Protein","false","false","2025-12-20T19:31:21.891Z","Available","0","false"
"757","Pain de mie 1/2 Céreales 16pcs","Half loaf of sliced multigrain sandwich bread.","6.00",,"https://app.neobeirut.com/images/bread/pain-de-mie-complet.jpg","14","Ready","0.00","Whole wheat flour, cereals, water, yeast, Sugar, Butter, Eggs, salt.","440 Calories, 7 Fat, 78 Carbs, 10 Sugars, 15 Protein","false","false","2025-12-20T19:31:21.959Z","Available","0","false"
"758","Edamame ","Young soybeans sprinkled with sea salt.","6.00",,"https://app.neobeirut.com/images/starters/edemame.jpg","19","Ready in 5'","5.00","soybeans","","false","false","2025-12-20T19:31:22.026Z","Available","0","false"
"759","Boulette aux trois fromages","A creamy cheese mixture topped with cranberries and walnuts, resulting in a savory and tangy flavor combination served with our homemade crackers.","19.00",,"https://app.neobeirut.com/images/starters/boulette-trois-fromages.jpg","19","Ready in 10'","5.00","cheese, Walnuts, Cranberry. Honey, Balsamic Vinegar ","","false","false","2025-12-20T19:31:22.094Z","Available","0","false"
"760","Buratta","Juicy tomatoes paired with creamy burrata cheese, fresh basil, 
a drizzle of olive oil and balsamic vinegar.","18.00",,"https://app.neobeirut.com/images/starters/","19","Ready in 10'","0.00","","","false","false","2025-12-20T19:31:22.161Z","Hide from Menu","0","false"
"761","Duo de dips","Portobello beetroot hummus and feta bell peppers.","12.00",,"https://app.neobeirut.com/images/starters/","19","Ready in 10'","0.00",,,"false","false","2025-12-20T19:31:22.229Z","Hide from Menu","0","false"
"763","Poulet Croquant","Golden crispy chicken strips, paired with our signature honey mustard sauce.","12.00",,"https://app.neobeirut.com/images/starters/poulet-croquant.jpg","19","Ready in 15'","0.00","","","false","false","2025-12-20T19:31:22.364Z","Available","0","false"
"765","Gourmande croquante","A light crunchy salad with strawberries, avocado, feta cheese, iceberg arugula and almonds, served with balsamic sauce.","17.00",,"https://app.neobeirut.com/images/salads/croquante.jpg","20","Ready in 15'","5.00","","","false","false","2025-12-20T19:31:22.499Z","Available","0","false"
"766","César au Poulet","Classic Caesar Salad, crisp iceberg leaves, Chicken Breast, creamy Caesar dressing, crunchy croutons, and freshly grated Parmesan.","16.00",,"https://app.neobeirut.com/images/salads/cesar-poulet.jpg","20","Ready in 15'","0.00","","","false","false","2025-12-20T19:31:22.566Z","Available","0","false"
"767","César","Classic Caesar Salad, crisp iceberg leaves, creamy Caesar dressing, crunchy croutons, and freshly grated Parmesan.","10.00",,"https://app.neobeirut.com/images/salads/cesar.jpg","20","Ready in 10'","0.00",,,"false","false","2025-12-20T19:31:22.633Z","Available","0","false"
"768","Quinoa au Saumon Fumé","A vibrant mix of quinoa, smoked salmon, dried cranberries, apricots cherry tomatoes, fresh rocca and carrots.","23.00",,"https://app.neobeirut.com/images/salads/quinoa.jpg","20","Ready in 15'","0.00","","","false","false","2025-12-20T19:31:22.701Z","Available","0","false"
"769","Rosbif Thai","Tender roast beef with mixed greens, colorful bell peppers, crunchy cashews and a tangy ginger-Thai sauce.","17.00",,"https://app.neobeirut.com/images/salads/thai.jpg","20","Ready in 15'","0.00","","","false","false","2025-12-20T19:31:22.768Z","Available","0","false"
"770","Nicoise","A Classic French salad featuring a colorful medley of vegetables tuna and eggs dressed with a lemon sauce.","18.00",,"https://app.neobeirut.com/images/salads/nicoise.jpg","20","Ready in 15'","0.00","","","false","false","2025-12-20T19:31:22.836Z","Available","0","false"
"772","Semsmiyye au Chèvre","Mixed greens with seeds, dried fruits, and nuts, drizzled with a honey-balsamic dressing, and served with goat cheese on a sweet cracker.","19.00",,"https://app.neobeirut.com/images/main-courses/","20","Ready in 15'","0.00","","","false","false","2025-12-20T19:31:22.970Z","Hide from Menu","0","false"
"773","Le Burger de Néo","A juicy beef patty topped with creamy blue cheese and caramelized onions, served with french fries.","20.00",,"https://app.neobeirut.com/images/main-courses/burger-neo.jpg","21","Ready in 20'","5.00","","","false","false","2025-12-20T19:31:23.038Z","Available","0","false"
"776","Poulet à la Moutarde","A dish featuring tender chicken pieces grilled and dipped in an aromatic mustard sauce along with french fries.","24.00",,"https://app.neobeirut.com/images/main-courses/poulet-moutarde.jpg","21","Ready in 20'","0.00","","","false","false","2025-12-20T19:31:23.240Z","Available","0","false"
"777","Bistro Steak-Frites","Tender beef tenderloin with French fries, finished with NeoÂ’s signature herbal sauce.","32.00",,"https://app.neobeirut.com/images/main-courses/steak-frites.jpg","21","Ready in 20'","5.00","","","false","false","2025-12-20T19:31:23.307Z","Available","0","false"
"779","Fish & Chips","A classic British dish consisting of battered and deep-fried white fish served with crispy french fries.","28.00",,"https://app.neobeirut.com/images/main-courses/fish&chips.jpg","21","Ready in 20'","0.00","","","false","false","2025-12-20T19:31:23.444Z","Unavailable Until Further Notice","0","false"
"780","Saumon et Soleil","Pan-seared salmon on a bed of creamy dill, served with edamame, spinach, and string beans.","32.00",,"https://app.neobeirut.com/images/main-courses/saumon-soleil.jpg","21","Ready in 20'","5.00","","","false","false","2025-12-20T19:31:23.511Z","Available","0","false"
"781","Raviolis du Midi","Ravioli stuffed with a sundried tomato parmesan mix, served in a flavorful sauce with roasted garlic and fresh basil.","22.00",,"https://app.neobeirut.com/images/main-courses/ravioli.jpg","21","Ready in 20'","0.00","","","false","false","2025-12-20T19:31:23.578Z","Available","0","false"
"782","Chicken Alfredo","Tender chicken with fettuccine in a rich, creamy Parmesan sauce.","18.00",,"https://app.neobeirut.com/images/main-courses/alfredo.jpg","21","Ready in 20'","0.00","","","false","false","2025-12-20T19:31:23.645Z","Available","0","false"
"784","French Fries","Smoked Ham in a French Baguette with butter, served with a side salad.","5.00",,"https://app.neobeirut.com/images/starters/french-fries.jpg","19","Ready in 5'","5.00","","","false","false","2025-12-20T19:31:23.780Z","Available","0","false"
"785","Dinde ou Jambon Beurre","Smoked Ham in a French Baguette with butter, served with a side salad.","10.00",,"https://app.neobeirut.com/images/sandwiches/ham.jpg","17","Ready in 10'","0.00","","","false","false","2025-12-20T19:31:23.847Z","Available","0","false"
"787","Dinde ou Jambon Beurre Brie","Smoked Turkey or Ham and Brie in a French Baguette with butter, served with a side salad.","10.00",,"https://app.neobeirut.com/images/sandwiches/ham-brie.jpg","17","Ready in 10'","0.00","Turkey, dijonaise or ham, butter","","false","false","2025-12-20T19:31:23.982Z","Available","0","false"
"791","Brie Miel","A crusty baguette filled with creamy brie, avocado and a dizzle of honey served with a side salad. ","14.00",,"https://app.neobeirut.com/images/sandwiches/brie-miel.jpg","17","Ready in 10'","5.00","Brie, Avocado, Honey, Walnuts","","false","false","2025-12-20T19:31:24.251Z","Available","0","false"
"792","Club Sandwich"," A classic layered toasted pain de mie, filled with tender chicken, turkey, egg, lettuce and tomatoes, served with french fries.","20.00",,"https://app.neobeirut.com/images/sandwiches/club.jpg","17","Ready in 15'","0.00","Chicken, turkey, egg, emmental, lettuce, tomatoes.","","false","false","2025-12-20T19:31:24.318Z","Available","0","false"
"793","Croque Monsieur","A grilled pain de mie filled with turkey or ham, emmental cheese and béchamel sauce served with a side salad.","11.00",,"https://app.neobeirut.com/images/sandwiches/crooque-Monsieur.jpg","17","Ready in 15'","0.00","Turkey or ham, emmental cheese and béchamel sauce","","false","false","2025-12-20T19:31:24.386Z","Available","0","false"
"794","Poulet Avocat","Grilled chicken, avocado, emmental and greenery served in a sourdough bread.","13.00",,"https://app.neobeirut.com/images/sandwiches/poulet-avocat.jpg","17","Ready in 15'","0.00","Chicken, avocado, emmental, sauce and greenery","","false","false","2025-12-20T19:31:24.453Z","Available","0","false"
"795","Tartine Saumon Fumé","Thin slices of smoked salmon layered on a sourdough bread  with cream cheese, avocado, fresh dill and capers.","18.00",,"https://app.neobeirut.com/images/sandwiches/tartine-saumon.jpg","17","Ready in 15'","0.00","","","false","false","2025-12-20T19:31:24.521Z","Available","0","false"
"796","Halloum au Pistou","Grilled halloumi cheese, zesty pesto sauce, tomatoes and arugula served in a ciabatta bread.","11.00",,"https://app.neobeirut.com/images/sandwiches/halloumi.jpg","17","Ready in 15'","0.00","","","false","false","2025-12-20T19:31:24.588Z","Available","0","false"
"798","Fresh Lemonade","","4.00",,"https://app.neobeirut.com/images/beverages/lemonade.jpg","25","Ready","0.00","","","false","false","2025-12-20T19:31:24.722Z","Available","0","false"
"799","Orange Juice","","4.00",,"https://app.neobeirut.com/images/beverages/orange.jpg","25","Ready","0.00","","","false","false","2025-12-20T19:31:24.790Z","Available","0","false"
"800","Pepsi","","2.50",,"https://app.neobeirut.com/images/beverages/pepsi.jpg","25","Ready","0.00","","","false","false","2025-12-20T19:31:24.857Z","Available","0","false"
"801","Diet Pepsi","","2.50",,"https://app.neobeirut.com/images/beverages/diet-pepsi.jpg","25","Ready","0.00","","","false","false","2025-12-20T19:31:24.925Z","Available","0","false"
"802","7Up","","2.50",,"https://app.neobeirut.com/images/beverages/7up.jpg","25","Ready","0.00","","","false","false","2025-12-20T19:31:24.993Z","Available","0","false"
"803","Diet 7Up","","2.50",,"https://app.neobeirut.com/images/beverages/diet-7up.jpg","25","Ready","0.00","","","false","false","2025-12-20T19:31:25.060Z","Available","0","false"
"804","Ice Tea Peach","","3.50",,"https://app.neobeirut.com/images/beverages/icetea-peach.jpg","25","Ready","0.00","","","false","false","2025-12-20T19:31:25.128Z","Available","0","false"
"805","Sparkling water Small","","2.00",,"https://app.neobeirut.com/images/beverages/rim250ml.jpg","25","Ready","0.00","","","false","false","2025-12-20T19:31:25.195Z","Available","0","false"
"808","Perrier 200ml","","4.00",,"https://app.neobeirut.com/images/beverages/perrier.jpg","25","Ready","0.00","","","false","false","2025-12-20T19:31:25.398Z","Available","0","false"
"809","Almaza Beer 330ml","","4.00",,"https://app.neobeirut.com/images/beverages/almaza.jpg","25","Ready","0.00","","","false","false","2025-12-20T19:31:25.465Z","Available","0","false"
"810","Almaza Beer Light 330ml","","4.00",,"https://app.neobeirut.com/images/beverages/almaza-light.jpg","25","Ready","0.00","","","false","false","2025-12-20T19:31:25.545Z","Available","0","false"
"811","Strawberry Smoothies","","4.00",,"https://app.neobeirut.com/images/beverages/strawberry-smoothie.jpg","25","Ready","0.00","","180 Calories, 2 Fat, 38 Carbs, 28 Sugars, 4 Protein","false","false","2025-12-20T19:31:25.613Z","Available","0","false"
"812","Strawberry Banana Smoothies","","4.00",,"https://app.neobeirut.com/images/beverages/strawberry-banana-smoothie.jpg","25","Ready","0.00","","210 Calories, 2 Fat, 45 Carbs, 32 Sugars, 4 Protein","false","false","2025-12-20T19:31:25.682Z","Available","0","false"
"813","Mango Smoothies","","4.00",,"https://app.neobeirut.com/images/beverages/mango-smoothie.jpg","25","Ready","0.00","","160 Calories, 1 Fat, 36 Carbs, 30 Sugars, 3 Protein","false","false","2025-12-20T19:31:25.749Z","Available","0","false"
"815","Plat Halloum Grille","A halloumi platter grilled to perfection and served with fresh cucumbers tomatoes and olives served with ciabatta.","11.00",,"https://app.neobeirut.com/images/breakfast/halloum-platter.jpg","24","Ready in 15'","0.00","Halloumi, baby rocca, tomatoes, cucumber, olives, cibatta","620 Calories, 42 Fat, 38 Carbs, 6 Sugars, 24 Protein","false","false","2025-12-20T19:31:25.884Z","Available","0","false"
"816","Plat Labne","Labneh, fresh cucumbers, tomatoes, olives and olive oil served with ciabatta.","10.00",,"https://app.neobeirut.com/images/breakfast/labneh-platter.jpg","24","Ready in 15'","0.00","","480 Calories, 32 Fat, 36 Carbs, 5 Sugars, 18 Protein","false","false","2025-12-20T19:31:25.951Z","Available","0","false"
"817","Pancakes","Three fluffy pancakes served with maple syrup, butter and fresh fruits.","7.00",,"https://app.neobeirut.com/images/breakfast/pancake.jpg","24","Ready in 15'","5.00","","600 Calories, 22 Fat, 95 Carbs, 38 Sugars, 12 Protein","false","false","2025-12-20T19:31:26.019Z","Available","0","false"
"818","Yaourt Grec aux noix et fruits","Greek yogurt served with nuts, fresh fruits and honey.","8.00",,"https://app.neobeirut.com/images/breakfast/","24","Ready in 10'","0.00","","420 Calories, 26 Fat, 34 Carbs, 22 Sugars, 18 Protein","false","false","2025-12-20T19:31:26.087Z","Available","0","false"
"819","Salade de Fruits",,"7.00",,"https://app.neobeirut.com/images/breakfast/","24","Ready in 10'","0.00",,"220 Calories, 1 Fat, 54 Carbs, 46 Sugars, 3 Protein","false","false","2025-12-20T19:31:26.155Z","Hide from Menu","0","false"
"820","Omelette","Served with a slice of exquisite bread and side green salad.","9.00",,"https://app.neobeirut.com/images/breakfast/omelette.jpg","24","Ready in 15'","5.00","Eggs, Lettuce, Tomatoes, Pain de Mie","360 Calories, 24 Fat, 22 Carbs, 3 Sugars, 20 Protein","false","false","2025-12-20T19:31:26.222Z","Available","0","false"
"821","Oeufs au plat","Sunny side up eggs served with toasted pain de mie.","9.00",,"https://app.neobeirut.com/images/breakfast/oeufs-aux-plat.jpg","24","Ready in 15'","5.00","Eggs, Pain de Mie","340 Calories, 22 Fat, 26 Carbs, 3 Sugars, 16 Protein","false","false","2025-12-20T19:31:26.289Z","Available","0","false"
"822","Oeufs brouilles","Scrambled eggs served with slices of pain de mie and a side green salad.","9.00",,"https://app.neobeirut.com/images/breakfast/srambled.jpg","24","Ready in 15'","5.00","Eggs, Lettuce, Tomatoes, Pain de Mie","380 Calories, 26 Fat, 28 Carbs, 3 Sugars, 18 Protein","false","false","2025-12-20T19:31:26.357Z","Available","0","false"
"823","Omelette au saumon fumé","Eggs with smoked salmon and avocado, over a toasted sourdough bread.","18.00",,"https://app.neobeirut.com/images/breakfast/omlette-saumon.jpg","24","Ready in 15'","5.00","Eggs, Smoked Salmon, Capers, Lettuce, Tomatoes","520 Calories, 34 Fat, 28 Carbs, 3 Sugars, 28 Protein","false","false","2025-12-20T19:31:26.424Z","Available","0","false"
"826","Ice Tea Peach Zero","","3.50",,"https://app.neobeirut.com/images/beverages/icetea-peach-zero.jpg","25","Ready","0.00","","","false","false","2025-12-28T21:18:16.894Z","Available","0","false"
"827","Oeuf Poché Gourmet","A grilled croissant topped with smashed avocado, perfectly poached egg, seasoned baby rocca topped with parmesan cheese.","12.00",,"https://app.neobeirut.com/images/breakfast/oeuf-poche.jpg","24","Ready in 15'","5.00","Croissant, Egg, Avocado, baby rocca, parmesan",,"false","false","2025-12-29T06:55:03.311Z","Available","0","false"
"829","Oeufs Bénédicte",,"11.00",,"https://app.neobeirut.com/images/breakfast/oeuf-benedict.jpg","24","Ready in 15'","5.00","Eggs, Scones, Hollandaise, Lettuce, Tomatoes",,"false","false","2025-12-29T07:10:02.450Z","Available","0","false"
"832","Express Citron","","4.00",,"https://app.neobeirut.com/images/cakes/express-citron.jpg","16","Ready","5.00","Wheat flour, sugar, eggs, butter, baking powder, lemon zest, salt","","false","false","2026-01-15T10:17:40.111Z","Available","0","false"
"840","Espresso",,"3.00",,"https://app.neobeirut.com/images/coffee/coffee-cup.jpg","26",,,,,"false","false","2026-01-24T02:33:53.025Z","Hide from Menu","0","false"
"842","Doppio",,"4.00",,"https://app.neobeirut.com/images/coffee/coffee-cup.jpg","26",,,,,"false","false","2026-01-24T02:34:26.749Z","Hide from Menu","0","false"
"843","Americano",,"4.00",,"https://app.neobeirut.com/images/coffee/coffee-cup.jpg","26",,,,,"false","false","2026-01-24T02:34:43.744Z","Available","0","false"
"844","American","","4.00",,"https://app.neobeirut.com/images/coffee/coffee-cup.jpg","26","",,"","","false","false","2026-01-24T02:34:58.286Z","Available","0","false"
"845","Cappuccino","","5.00",,"https://app.neobeirut.com/images/coffee/coffee-cup.jpg","26","",,"","","false","false","2026-01-24T02:35:52.745Z","Available","0","false"
"846","Latte",,"5.00",,"https://app.neobeirut.com/images/coffee/coffee-cup.jpg","26",,,,,"false","false","2026-01-24T02:36:07.425Z","Available","0","false"
"847","Flat White",,"5.00",,"https://app.neobeirut.com/images/coffee/coffee-cup.jpg","26",,"5.00",,,"false","false","2026-01-24T02:36:42.985Z","Available","0","false"
"849","Mocha",,"5.00",,"https://app.neobeirut.com/images/coffee/coffee-cup.jpg","26",,,,,"false","false","2026-01-24T02:37:23.323Z","Available","0","false"
"850","Matcha",,"5.00",,"https://app.neobeirut.com/images/coffee/coffee-cup.jpg","26",,,,,"false","false","2026-01-24T02:37:35.018Z","Available","0","false"
"851","Caramel Macchiato",,"5.00",,"https://app.neobeirut.com/images/coffee/coffee-cup.jpg","26",,,,,"false","false","2026-01-24T02:38:07.712Z","Available","0","false"
"852","Iced Americano","","5.00",,"https://app.neobeirut.com/images/coffee/iced-americano.jpg","26","",,"","","false","false","2026-01-24T02:38:45.121Z","Available","0","false"
"853","Iced Latte","","5.00",,"https://app.neobeirut.com/images/coffee/iced-late.jpg","26","",,"","","false","false","2026-01-24T02:39:01.795Z","Available","0","false"
"854","Iced Mocha","","5.00",,"https://app.neobeirut.com/images/coffee/iced-mocha.jpg","26","",,"","","false","false","2026-01-24T02:39:14.697Z","Available","0","false"
"855","Iced Matcha","","5.00",,"https://app.neobeirut.com/images/coffee/iced-matcha.jpg","26","",,"","","false","false","2026-01-24T02:39:28.523Z","Available","0","false"
"856","Iced Caramel Macchiato","","5.00",,"https://app.neobeirut.com/images/coffee/iced-caramel-machiato.jpg","26","",,"","","false","false","2026-01-24T02:39:59.828Z","Available","0","false"
"872","Oat Cookies 200g","Golden, rustic oat cookies with a soft chewy center and lightly crisp edges","6.00",,"https://app.neobeirut.com/images/cookies/oat-cookies.jpg","18","",,"","","false","false","2026-02-15T04:06:05.502Z","Available","0","false"
"874","Executive Chicken Bowl","Basmati rice, Grilled chicken, Roasted broccoli, Avocado, Pumpkin seeds, Goji Berries served with Zesty Tahini Dressing.
","18.00",,"https://app.neobeirut.com/images/wellness/chicken.jpg","28","Ready in 15'",,"","Nutritional info:Calories: 505, Protein: 45g, Carbs: 40g 
","false","false","2026-04-01T16:02:25.910Z","Available","0","false"
"875","Omega Salmon Bowl","""Black rice, Grilled salmon, Avocado, Edamame, 
Cucumber and Furikake served with Ginger Honey Silky Dressing.""
","24.00",,"https://app.neobeirut.com/images/wellness/salmon.jpg","28","Ready in 20'",,"","Nutritional info: Calories: 525, Protein: 38g, Carbs: 35g 
","false","false","2026-04-01T16:03:40.529Z","Available","1","false"
"877","Iron Energy Bowl","Ground Beef or Meat Balls, Beetroot, Sweet Potatoes, Avocado, Almonds served with Nutty Verde Dressing.
","21.00",,"https://app.neobeirut.com/images/wellness/iron.jpg","28","Ready in 20'",,"","Nutritional info: Calories: 480, Protein: 44g, Carbs: 25g 
","false","false","2026-04-01T16:05:24.959Z","Available","2","false"
"879","Garden Power Bowl","Fetta, Avocado, Chickpeas, Cherry Tomatoes, Red Cabbage, Black Beans served with Miso Umami Velvet Dresssing.
","16.00",,"https://app.neobeirut.com/images/wellness/veggi.jpg","28","Ready in 15'",,"","Nutritional Info: Calories: 530, Protein: 19g, Carbs: 44g 
","false","false","2026-04-01T16:06:57.702Z","Available","3","false"
"880","Savory Breakfast Bowl","""2 eggs, Cottage Cheese, Sautéed Mushrooms, 
Avocado, Cherry tomatoes served with Carrot Gginger Velvet""
","16.00",,"https://app.neobeirut.com/images/wellness/breakfast.jpg","28","Ready in 15'",,"","Nutrinotial Facts: Calories: 464, Protein: 31g, Carbs: 17g 
","false","false","2026-04-01T16:07:50.280Z","Available","4","false"
"881","Morning Energy Bowl","Waffles, Greek yogurt, Berries, Caramelized banana,  Granola, Almonds, Honey.
","16.00",,"https://app.neobeirut.com/images/wellness/sweet.jpg","28","",,"","Nutritional Facts: Calories: 635, Protein: 26g, Carbs: 90g ","false","false","2026-04-01T16:13:17.093Z","Available","5","false"
"883","Green Energy","Spinach, Green Apple, Ginger, Avocado , Cucumber
","7.00",,"https://app.neobeirut.com/images/wellness/green-vitality.jpg","29","Ready in 10'",,"","","false","false","2026-04-01T16:25:19.695Z","Available","0","false"
"884","Berry Boost","Mixed Berries, Banana, Coconut, Coconut Milk
","8.50",,"https://app.neobeirut.com/images/wellness/berry-glow.jpg","29","Ready in 10'",,"","","false","false","2026-04-01T17:01:36.382Z","Available","0","false"
"885","Cocoa Charge","Dark Chocolate, Dates, Skimmed Milk
","8.00",,"https://app.neobeirut.com/images/wellness/dark-fuel.jpg","29","Ready in 10'",,"","","false","false","2026-04-01T17:02:05.114Z","Available","0","false"
"886","Peanut Power","Peanut Butter, Banana, Dates, Almond Milk
","7.00",,"https://app.neobeirut.com/images/wellness/power-blend.jpg","29","Ready in 10'",,"","","false","false","2026-04-01T17:03:01.878Z","Available","0","false"
"887","Gambas Grillées","Four marinated jumbo shrimps, grilled to perfection.
","34.00",,,"19","20",,,,"false","false","2026-04-23T09:06:32.059Z","Hide from Menu","0","false"
"888","Oat Zaatar Crackers","Crispy gluten-free oat crackers infused with zaatar, lightly seasoned for a wholesome savory snack. Sugar-free, flavorful, and perfect for guilt-free munching.","4.00",,"https://app.neobeirut.com/images/cookies/oat-zaatar-crackers.jpg","18","Ready",,,,"false","false","2026-05-05T04:53:34.973Z","Available","0","false"
"889","Breakfast bundle","Choose your favorite coffee and croissant, served with a fresh orange juice.","8.00",,"https://app.neobeirut.com/images/bundles/breakfast.jpg","30","5 Minutes",,"","","false","false","2026-05-17T10:30:37.981Z","Available","0","false"
"890","Le Neo Morning Wellness","Choice of wellness breakfast bowls, Orange juice and a coffee of your choice ","21.00",,"https://app.neobeirut.com/images/bundles/le-neo-wellness.jpg","30","15",,"","","false","false","2026-05-21T08:13:21.879Z","Available","0","false"
"891","The Wellness Pair","Choose any Wellness Bowl + Protein Shake","19.00",,"https://app.neobeirut.com/images/bundles/the-wellness-pair.jpg","30","15",,"","","false","false","2026-05-21T08:53:15.197Z","Available","0","false"